A001	6185 W Detroit St 	Chandler	AZ	85226	US
A002	5000 W Chandler Blvd	Chandler	AZ	85226	US
A003	4025 S Riverpoint Pkwy	Phoenix	AZ	85040	US
A004	6552 N 90th St #100	Scottsdale	AZ	85260	US
A005	3300 W Camelback Rd	Phoenix	AZ	85017	US
A006	1706 E. Curry	Tempe	AZ	85280	US
A007	6997 S Shutterfly Way	Tempe	AZ	85283	US
A008	2501 TX-121 BUS #300 	Lewisville	TX	75067	US
A009	7676 E. Pinnacle Peak Rd.	Scottsdale	AZ	85255	US
A010	1001 Page Mill Rd	Palo Alto	CA	94305	US
A011	410 Terry Ave. North	Seattle	WA	98109	US